t_s,E_collector_V_vsAgAgCl,ECL_photons_per_footprint_m-2_s-1,i_collector_mA_cm-2,i_generator_mA_cm-2
0.000000000000000000e+00,0.000000000000000000e+00,1.241789464579902100e+12,5.438537804981619095e-01,1.118941384437384556e+00
5.000000000000000278e-02,5.000000000000000971e-03,1.454693320978322266e+12,5.441331950264418627e-01,1.119052740873540897e+00
1.000000000000000056e-01,1.000000000000000194e-02,1.701337115551651123e+12,5.443743299169735428e-01,1.119192506193772862e+00
1.500000000000000222e-01,1.500000000000000291e-02,1.985773568218520752e+12,5.446017211733118479e-01,1.119337906267582561e+00
2.000000000000000111e-01,2.000000000000000389e-02,2.312964959544974609e+12,5.448139256999666724e-01,1.119483199833743781e+00
2.500000000000000000e-01,2.500000000000000139e-02,2.688278328973980957e+12,5.450113583287271579e-01,1.119624643641631945e+00
3.000000000000000444e-01,3.000000000000000583e-02,3.117788177732994629e+12,5.451948373657868885e-01,1.119760025573266260e+00
3.500000000000000333e-01,3.500000000000000333e-02,3.607974304124253418e+12,5.453640446001269959e-01,1.119887922598494567e+00
4.000000000000000222e-01,4.000000000000000777e-02,4.165979571205684082e+12,5.455194991482833489e-01,1.120007473023150624e+00
4.500000000000000111e-01,4.500000000000000527e-02,4.799614021779979492e+12,5.456615326417704193e-01,1.120118213238645577e+00
5.000000000000000000e-01,5.000000000000000278e-02,5.517460455718090820e+12,5.457917039951734051e-01,1.120219989112666514e+00
5.500000000000000444e-01,5.500000000000000722e-02,6.328746911653171875e+12,5.459103915777865357e-01,1.120312803914656818e+00
6.000000000000000888e-01,6.000000000000001166e-02,7.243538221458368164e+12,5.460195201845637891e-01,1.120396944335748879e+00
6.500000000000000222e-01,6.500000000000000222e-02,8.272865247607752930e+12,5.461181817565754493e-01,1.120472790531310991e+00
7.000000000000000666e-01,7.000000000000000666e-02,9.428664112225593750e+12,5.462075073901987432e-01,1.120540409439299001e+00
7.500000000000000000e-01,7.500000000000001110e-02,1.072420587725228320e+13,5.462873760334454598e-01,1.120600094191505303e+00
8.000000000000000444e-01,8.000000000000001554e-02,1.217331766656730664e+13,5.463601890082527834e-01,1.120652223616462662e+00
8.500000000000000888e-01,8.500000000000001998e-02,1.379146984822991406e+13,5.464263800484208122e-01,1.120697036883818720e+00
9.000000000000000222e-01,9.000000000000001055e-02,1.559607604995502344e+13,5.464848993356503648e-01,1.120734795106789417e+00
9.500000000000000666e-01,9.500000000000001499e-02,1.760541799558915625e+13,5.465369490752310933e-01,1.120765661531814228e+00
1.000000000000000000e+00,1.000000000000000056e-01,1.983977943410882422e+13,5.465831192814583073e-01,1.120789994688208946e+00
1.050000000000000044e+00,1.050000000000000100e-01,2.232138472352456641e+13,5.466236482611054326e-01,1.120807767112954156e+00
1.100000000000000089e+00,1.100000000000000144e-01,2.507425232405765234e+13,5.466589622075714860e-01,1.120819164600069140e+00
1.150000000000000133e+00,1.150000000000000189e-01,2.812570247472216797e+13,5.466892889832656310e-01,1.120824180053653141e+00
1.200000000000000178e+00,1.200000000000000233e-01,3.150441899954439453e+13,5.467149255348369152e-01,1.120822808151409111e+00
1.250000000000000000e+00,1.250000000000000000e-01,3.524242685170026562e+13,5.467361796604313096e-01,1.120815162797559328e+00
1.300000000000000044e+00,1.300000000000000044e-01,3.937489261622326562e+13,5.467531540264426448e-01,1.120801000764743982e+00
1.350000000000000089e+00,1.350000000000000089e-01,4.394033912603218750e+13,5.467660009282102607e-01,1.120780161941803188e+00
1.400000000000000133e+00,1.400000000000000133e-01,4.898078518457139062e+13,5.467748905029028439e-01,1.120752520379835193e+00
1.450000000000000178e+00,1.450000000000000178e-01,5.454241208468809375e+13,5.467798682270224031e-01,1.120717725710518753e+00
1.500000000000000000e+00,1.500000000000000222e-01,6.067564361269889844e+13,5.467810254000516901e-01,1.120675507170028951e+00
1.550000000000000044e+00,1.550000000000000266e-01,6.743553220516447656e+13,5.467784008923078920e-01,1.120625492430767256e+00
1.600000000000000089e+00,1.600000000000000311e-01,7.488238571478778125e+13,5.467719816326869209e-01,1.120567183081831120e+00
1.650000000000000133e+00,1.650000000000000355e-01,8.308172948966303125e+13,5.467617680391381185e-01,1.120500087961799895e+00
1.700000000000000178e+00,1.700000000000000400e-01,9.210504612225537500e+13,5.467477079227265335e-01,1.120423602995405776e+00
1.750000000000000000e+00,1.750000000000000167e-01,1.020300741716251094e+14,5.467297541611826350e-01,1.120337068606337860e+00
1.800000000000000044e+00,1.800000000000000211e-01,1.129411449647112812e+14,5.467078234457471986e-01,1.120239729116811578e+00
1.850000000000000089e+00,1.850000000000000255e-01,1.249294694823141562e+14,5.466818372071383658e-01,1.120130773209227382e+00
1.900000000000000133e+00,1.900000000000000300e-01,1.380939343282337344e+14,5.466516959524243546e-01,1.120009284063784083e+00
1.950000000000000178e+00,1.950000000000000344e-01,1.525409621779545312e+14,5.466173007831602870e-01,1.119874260009039890e+00
2.000000000000000000e+00,2.000000000000000111e-01,1.683850126845014062e+14,5.465785538182152958e-01,1.119724602559312387e+00
2.050000000000000266e+00,2.050000000000000433e-01,1.857488880648373438e+14,5.465353737066185325e-01,1.119559126714586128e+00
2.100000000000000089e+00,2.100000000000000200e-01,2.047641774790541250e+14,5.464876864884233854e-01,1.119376524760202996e+00
2.149999999999999911e+00,2.149999999999999967e-01,2.255700266458090312e+14,5.464354795632483386e-01,1.119175436874041640e+00
2.200000000000000178e+00,2.200000000000000289e-01,2.483148825597892812e+14,5.463787604894214667e-01,1.118954357157866619e+00
2.250000000000000000e+00,2.250000000000000056e-01,2.731550818573686562e+14,5.463176098029959293e-01,1.118711692846948269e+00
2.300000000000000266e+00,2.300000000000000377e-01,3.002550770760768750e+14,5.462521913231496162e-01,1.118445746767728455e+00
2.350000000000000089e+00,2.350000000000000144e-01,3.297852518425934375e+14,5.461827804259690167e-01,1.118154727435879625e+00
2.400000000000000355e+00,2.400000000000000466e-01,3.619232330993976250e+14,5.461098001972468641e-01,1.117836780600702795e+00
2.450000000000000178e+00,2.450000000000000233e-01,3.968508609688263750e+14,5.460338240876658755e-01,1.117489927462711030e+00
2.500000000000000000e+00,2.500000000000000000e-01,4.347528476978684375e+14,5.459556441507235069e-01,1.117112136032256897e+00
2.550000000000000266e+00,2.550000000000000600e-01,4.758145079728533125e+14,5.458763390116530001e-01,1.116701380127330889e+00
2.600000000000000089e+00,2.600000000000000089e-01,5.202194056031945625e+14,5.457972500565559937e-01,1.116255525521972825e+00
2.650000000000000355e+00,2.650000000000000688e-01,5.681449118504121250e+14,5.457201008261964859e-01,1.115772457062681466e+00
2.700000000000000178e+00,2.700000000000000178e-01,6.197595425013793750e+14,5.456470825340641317e-01,1.115250159556676834e+00
2.750000000000000000e+00,2.750000000000000222e-01,6.752166879038243750e+14,5.455808543730250593e-01,1.114686619678781465e+00
2.800000000000000266e+00,2.800000000000000266e-01,7.346495868798371250e+14,5.455246955738063397e-01,1.114079990057068148e+00
2.850000000000000089e+00,2.850000000000000311e-01,7.981650941601206250e+14,5.454825175527570069e-01,1.113428542714550940e+00
2.900000000000000355e+00,2.900000000000000355e-01,8.658361188740325000e+14,5.454590908305353425e-01,1.112730941678544028e+00
2.950000000000000178e+00,2.950000000000000400e-01,9.376938277517157500e+14,5.454599684455896380e-01,1.111986038967563539e+00
3.000000000000000000e+00,3.000000000000000444e-01,1.013718619527812750e+15,5.454916916018346384e-01,1.111193141658427530e+00
3.050000000000000266e+00,3.050000000000000488e-01,1.093831519366979875e+15,5.455618364269154696e-01,1.110352028005634262e+00
3.100000000000000089e+00,3.100000000000000533e-01,1.177880983996578000e+15,5.456791365356865597e-01,1.109463113492281439e+00
3.150000000000000355e+00,3.150000000000000577e-01,1.265641715130628750e+15,5.458535518840346157e-01,1.108527580412616897e+00
3.200000000000000178e+00,3.200000000000000622e-01,1.356796662296837750e+15,5.460962517394285509e-01,1.107547360364307565e+00
3.250000000000000000e+00,3.250000000000000111e-01,1.450931652538697250e+15,5.464195881672353483e-01,1.106525203689701753e+00
3.300000000000000266e+00,3.300000000000000711e-01,1.547526879869432250e+15,5.468371712982609267e-01,1.105464962771785853e+00
3.350000000000000089e+00,3.350000000000000200e-01,1.645955491700896000e+15,5.473637898739617258e-01,1.104371674362518263e+00
3.400000000000000355e+00,3.400000000000000799e-01,1.745474044652903250e+15,5.480150660673295260e-01,1.103251371510751255e+00
3.450000000000000178e+00,3.450000000000000289e-01,1.845228769926615750e+15,5.488074625768518677e-01,1.102111475045121747e+00
3.500000000000000000e+00,3.500000000000000333e-01,1.944253230062530250e+15,5.497577735964520596e-01,1.100960549382585807e+00
3.550000000000000266e+00,3.550000000000000377e-01,2.041489283156982750e+15,5.508829122357099539e-01,1.099808442547953957e+00
3.600000000000000089e+00,3.600000000000000422e-01,2.135778898130613750e+15,5.521991429067079071e-01,1.098666157190615555e+00
3.650000000000000355e+00,3.650000000000000466e-01,2.225899867131999750e+15,5.537217268918757096e-01,1.097545804296962801e+00
3.700000000000000178e+00,3.700000000000000511e-01,2.310585676348548000e+15,5.554641550984849019e-01,1.096460377749070680e+00
3.750000000000000000e+00,3.750000000000000000e-01,2.388544443980955500e+15,5.574372819856477923e-01,1.095423470566730284e+00
3.800000000000000266e+00,3.800000000000000600e-01,2.458511683534804000e+15,5.596488920680334767e-01,1.094449207269959645e+00
3.850000000000000089e+00,3.850000000000000089e-01,2.519269310591433500e+15,5.621027023470739348e-01,1.093551937449808387e+00
3.900000000000000355e+00,3.900000000000000688e-01,2.569686881495610000e+15,5.647974711906715850e-01,1.092745431283592250e+00
3.950000000000000178e+00,3.950000000000000178e-01,2.608765678437540500e+15,5.677266738274175939e-01,1.092043003653652811e+00
4.000000000000000000e+00,4.000000000000000222e-01,2.635672567403717000e+15,5.708779623072949283e-01,1.091457087477670784e+00
4.049999999999999822e+00,4.050000000000000266e-01,2.649780140682494000e+15,5.742328750430191198e-01,1.090998759742019653e+00
4.100000000000000533e+00,4.100000000000000866e-01,2.650710104910542500e+15,5.777668952920248513e-01,1.090676704798134278e+00
4.150000000000000355e+00,4.150000000000000355e-01,2.638341770871906500e+15,5.814493190623377661e-01,1.090497443869450134e+00
4.200000000000000178e+00,4.200000000000000400e-01,2.612759088363349000e+15,5.852440235375554467e-01,1.090466181601319251e+00
4.250000000000000000e+00,4.250000000000000444e-01,2.574458143610367000e+15,5.891114020742495017e-01,1.090582184086526407e+00
4.299999999999999822e+00,4.299999999999999933e-01,2.524034458040671000e+15,5.930069795215022754e-01,1.090845999521612431e+00
4.350000000000000533e+00,4.350000000000000533e-01,2.462470354459329500e+15,5.968869226403581418e-01,1.091253257504897878e+00
4.400000000000000355e+00,4.400000000000000577e-01,2.390901527558077500e+15,6.007050458328924147e-01,1.091795721661208640e+00
4.450000000000000178e+00,4.450000000000000622e-01,2.310644924056174000e+15,6.044174501279886424e-01,1.092463272910495053e+00
4.500000000000000000e+00,4.500000000000000111e-01,2.223196715614100750e+15,6.079855125444836306e-01,1.093246399410735759e+00
4.549999999999999822e+00,4.550000000000000155e-01,2.130021386413123500e+15,6.113699828658838431e-01,1.094128115483150143e+00
4.600000000000000533e+00,4.600000000000000755e-01,2.032722903345653000e+15,6.145431981435545143e-01,1.095095575674385424e+00
4.650000000000000355e+00,4.650000000000000799e-01,1.932830802868960750e+15,6.174813417942169869e-01,1.096132036172289936e+00
4.700000000000000178e+00,4.700000000000000289e-01,1.831799358311545000e+15,6.201681259513905919e-01,1.097221130284788071e+00
4.750000000000000000e+00,4.750000000000000333e-01,1.730925218678622000e+15,6.225920520608614339e-01,1.098346364164801692e+00
4.800000000000000711e+00,4.800000000000000933e-01,1.631454288737940250e+15,6.247533893513393943e-01,1.099492567159378043e+00
4.850000000000000533e+00,4.850000000000000977e-01,1.534417407851822250e+15,6.266561341453876777e-01,1.100644817818912546e+00
4.900000000000000355e+00,4.900000000000000466e-01,1.440637490024107500e+15,6.283081580295888369e-01,1.101789890514874193e+00
4.950000000000000178e+00,4.950000000000000511e-01,1.350848120103240000e+15,6.297270884162347038e-01,1.102916225350154988e+00
5.000000000000000000e+00,5.000000000000000000e-01,1.265460471517197000e+15,6.309236902948625048e-01,1.104014042935571371e+00
5.050000000000000711e+00,5.050000000000001155e-01,1.184874139733158750e+15,6.319218074208859948e-01,1.105075219409440423e+00
5.100000000000000533e+00,5.100000000000001199e-01,1.109294089150657000e+15,6.327417288795165184e-01,1.106093201456807229e+00
5.150000000000000355e+00,5.150000000000000133e-01,1.038807448515731250e+15,6.334052484942969130e-01,1.107062695292894583e+00
5.200000000000000178e+00,5.200000000000000178e-01,9.733526925343746250e+14,6.339293346345160618e-01,1.107980760797886433e+00
5.250000000000000000e+00,5.250000000000000222e-01,9.128840731388038750e+14,6.343403581017883486e-01,1.108845079192511074e+00
5.300000000000000711e+00,5.300000000000001377e-01,8.571929887509505000e+14,6.346516213457760180e-01,1.109655049899628931e+00
5.350000000000000533e+00,5.350000000000000311e-01,8.060651314694235000e+14,6.348798006018852025e-01,1.110411027927946215e+00
5.400000000000000355e+00,5.400000000000000355e-01,7.592297790640430000e+14,6.350360619613837354e-01,1.111114456556426822e+00
5.450000000000000178e+00,5.450000000000000400e-01,7.164743974950062500e+14,6.351400465744883039e-01,1.111766316017277711e+00
5.500000000000000000e+00,5.500000000000000444e-01,6.775190529528976250e+14,6.352021125520566081e-01,1.112368689747990746e+00
5.550000000000000711e+00,5.550000000000000488e-01,6.420877073325748750e+14,6.352304598904799926e-01,1.112924035300689285e+00
5.600000000000000533e+00,5.600000000000000533e-01,6.099214975392913750e+14,6.352352311507977189e-01,1.113434732315986775e+00
5.650000000000000355e+00,5.650000000000000577e-01,5.807272705878606250e+14,6.352166622442829702e-01,1.113904570900433821e+00
5.700000000000000178e+00,5.700000000000000622e-01,5.543101150616994375e+14,6.351912566646180647e-01,1.114335478701421689e+00
5.750000000000000000e+00,5.750000000000000666e-01,5.304033364753441250e+14,6.351548176762999987e-01,1.114730909653303126e+00
5.800000000000000711e+00,5.800000000000000711e-01,5.087983817035573750e+14,6.351137723113514655e-01,1.115093734507648149e+00
5.850000000000000533e+00,5.850000000000000755e-01,4.893041225511110000e+14,6.350723329515344240e-01,1.115426301761373917e+00
5.900000000000000355e+00,5.900000000000000799e-01,4.717221585765576250e+14,6.350308701165183756e-01,1.115731781128738387e+00
5.950000000000000178e+00,5.950000000000000844e-01,4.558946557942768750e+14,6.349937420969551383e-01,1.116012271718049398e+00
6.000000000000000000e+00,6.000000000000000888e-01,4.416490465712473750e+14,6.349586877748303326e-01,1.116270633400484602e+00
6.050000000000000711e+00,6.050000000000000933e-01,4.288600361154572500e+14,6.349328955385437068e-01,1.116508846022248314e+00
6.100000000000000533e+00,6.100000000000000977e-01,4.173850181686830625e+14,6.349129241291295855e-01,1.116729247311627926e+00
6.150000000000000355e+00,6.150000000000001021e-01,4.071005071669740000e+14,6.348994761752597693e-01,1.116934039292059477e+00
6.200000000000000178e+00,6.200000000000001066e-01,3.979043609880929375e+14,6.348949113734499994e-01,1.117125075491078867e+00
6.250000000000000000e+00,6.250000000000000000e-01,3.896832790511258125e+14,6.348956388489550573e-01,1.117304626582221960e+00
6.300000000000000711e+00,6.300000000000001155e-01,3.823622403976038750e+14,6.349088451839477454e-01,1.117474088942766786e+00
6.350000000000000533e+00,6.350000000000001199e-01,3.758556177799355625e+14,6.349330278386629001e-01,1.117635119471280136e+00
6.400000000000000355e+00,6.400000000000001243e-01,3.700868905245734375e+14,6.349683366050002942e-01,1.117789369480970629e+00
6.450000000000000178e+00,6.450000000000000178e-01,3.649860109268524375e+14,6.350146179092470700e-01,1.117938449424979108e+00
6.500000000000000000e+00,6.500000000000000222e-01,3.604878734508498750e+14,6.350725764334756995e-01,1.118083985196216767e+00
6.550000000000000711e+00,6.550000000000001377e-01,3.565376154331878750e+14,6.351447449214646657e-01,1.118227522469578572e+00
6.600000000000000533e+00,6.600000000000001421e-01,3.530803804539379375e+14,6.352299510444688879e-01,1.118370602156237181e+00
6.650000000000000355e+00,6.650000000000000355e-01,3.500708461552771250e+14,6.353318416061690677e-01,1.118514728824925530e+00
6.700000000000000178e+00,6.700000000000000400e-01,3.474599148986426875e+14,6.354485389900805803e-01,1.118661474816598167e+00
6.750000000000000000e+00,6.750000000000000444e-01,3.452100948089754375e+14,6.355836436383484056e-01,1.118812464251092154e+00
6.800000000000000711e+00,6.800000000000001599e-01,3.432871729568611250e+14,6.357406607221522954e-01,1.118969070826397516e+00
6.850000000000000533e+00,6.850000000000000533e-01,3.416543202925388125e+14,6.359182308042193865e-01,1.119133080276058179e+00
6.900000000000000355e+00,6.900000000000000577e-01,3.402814253789440000e+14,6.361189226485584047e-01,1.119306119646326092e+00
6.950000000000000178e+00,6.950000000000000622e-01,3.391394735931744375e+14,6.363446849645532089e-01,1.119490029905545692e+00
7.000000000000000000e+00,7.000000000000000666e-01,3.382014468429721250e+14,6.365971180962268772e-01,1.119686723545116447e+00
7.050000000000000711e+00,7.050000000000000711e-01,3.374444436743274375e+14,6.368805547185143467e-01,1.119898318229361589e+00
7.100000000000000533e+00,7.100000000000000755e-01,3.368454887613671875e+14,6.371970991319649835e-01,1.120127141500321999e+00
7.150000000000000355e+00,7.150000000000000799e-01,3.363861419384693125e+14,6.375504120551667153e-01,1.120375294903659391e+00
7.200000000000000178e+00,7.200000000000000844e-01,3.360486970551546250e+14,6.379448611476919995e-01,1.120645150850650751e+00
7.250000000000000000e+00,7.250000000000000888e-01,3.358166494314225000e+14,6.383826990694582149e-01,1.120939369945700204e+00
7.300000000000000711e+00,7.300000000000000933e-01,3.356728582635493750e+14,6.388671178177474097e-01,1.121261169900764854e+00
7.350000000000000533e+00,7.350000000000000977e-01,3.356061173984055000e+14,6.394063704265631198e-01,1.121613652866034538e+00
7.400000000000000355e+00,7.400000000000001021e-01,3.356058657816920000e+14,6.400065895366064961e-01,1.122000060970378632e+00
7.450000000000000178e+00,7.450000000000001066e-01,3.356601362197506875e+14,6.406687176515332149e-01,1.122425538614309382e+00
7.500000000000000000e+00,7.500000000000000000e-01,3.357560461779216875e+14,6.414001977016985379e-01,1.122890785505626932e+00
7.550000000000000711e+00,7.550000000000001155e-01,3.358876974324586250e+14,6.422086556394359658e-01,1.123401593507397100e+00
7.600000000000000533e+00,7.600000000000001199e-01,3.360482599302973750e+14,6.431019245713511800e-01,1.123963694982552886e+00
7.650000000000000355e+00,7.650000000000001243e-01,3.362314086203655625e+14,6.440885807468614832e-01,1.124582330710935940e+00
7.700000000000000178e+00,7.700000000000000178e-01,3.364316442718562500e+14,6.451777362734214538e-01,1.125263698056765627e+00
7.750000000000000000e+00,7.750000000000000222e-01,3.366447916501552500e+14,6.463800784388690213e-01,1.126014953425084952e+00
7.800000000000000711e+00,7.800000000000001377e-01,3.368656543966883750e+14,6.477049230412565972e-01,1.126840671533521965e+00
7.850000000000000533e+00,7.850000000000001421e-01,3.370910001072188125e+14,6.491636675326957207e-01,1.127746307485744115e+00
7.900000000000000355e+00,7.900000000000000355e-01,3.373189265340812500e+14,6.507704424920559561e-01,1.128742368236580251e+00
7.950000000000000178e+00,7.950000000000000400e-01,3.375478166292713750e+14,6.525400778719413486e-01,1.129839717675122479e+00
8.000000000000000000e+00,8.000000000000000444e-01,3.377759381558645000e+14,6.544947110416887703e-01,1.131054224838717648e+00
8.050000000000000711e+00,7.949999999999999289e-01,3.373517407240000625e+14,6.531905933387844865e-01,1.131424752446041904e+00
8.099999999999999645e+00,7.900000000000000355e-01,3.369681761300770625e+14,6.517578688585788926e-01,1.131180628023664925e+00
8.150000000000000355e+00,7.850000000000000311e-01,3.365914446310158750e+14,6.503266101128041266e-01,1.130670688585333705e+00
8.200000000000001066e+00,7.799999999999999156e-01,3.362174889128981250e+14,6.489438186621220295e-01,1.130023879773512041e+00
8.250000000000000000e+00,7.750000000000000222e-01,3.358470002802578750e+14,6.476262532994545573e-01,1.129300645577651085e+00
8.300000000000000711e+00,7.700000000000000178e-01,3.354817037114612500e+14,6.463828881299784612e-01,1.128542216876013971e+00
8.349999999999999645e+00,7.650000000000001243e-01,3.351239063853185000e+14,6.452194540829065961e-01,1.127781461701079513e+00
8.400000000000000355e+00,7.600000000000000089e-01,3.347775757160083750e+14,6.441379597879364205e-01,1.127038750424138591e+00
8.450000000000001066e+00,7.549999999999998934e-01,3.344467070146284375e+14,6.431331242887634581e-01,1.126323289044273812e+00
8.500000000000000000e+00,7.500000000000000000e-01,3.341351179063599375e+14,6.422039416405466161e-01,1.125642418507526887e+00
8.550000000000000711e+00,7.449999999999999956e-01,3.338483989038434375e+14,6.413450573133195887e-01,1.124999847394088759e+00
8.599999999999999645e+00,7.400000000000001021e-01,3.335957365512612500e+14,6.405544736569293018e-01,1.124401232492510561e+00
8.650000000000000355e+00,7.349999999999999867e-01,3.333808045498100625e+14,6.398237807237807662e-01,1.123841909677686379e+00
8.700000000000001066e+00,7.299999999999999822e-01,3.332147693148683750e+14,6.391504127414420200e-01,1.123323429905517479e+00
8.750000000000000000e+00,7.250000000000000888e-01,3.331073144202545000e+14,6.385294230596367804e-01,1.122845534622429309e+00
8.800000000000000711e+00,7.199999999999999734e-01,3.330695918903034375e+14,6.379563936017151882e-01,1.122405842745315629e+00
8.849999999999999645e+00,7.150000000000000799e-01,3.331136500815812500e+14,6.374265398377738645e-01,1.122002314932182720e+00
8.900000000000000355e+00,7.099999999999999645e-01,3.332528461228338750e+14,6.369348277785550350e-01,1.121632387432687228e+00
8.950000000000001066e+00,7.049999999999999600e-01,3.335016084158714375e+14,6.364774959230149465e-01,1.121292886546189971e+00
9.000000000000000000e+00,7.000000000000000666e-01,3.338770285646874375e+14,6.360505913221448093e-01,1.120981775422707383e+00
9.050000000000000711e+00,6.949999999999999512e-01,3.343959930136784375e+14,6.356498144062663336e-01,1.120696153667394279e+00
9.099999999999999645e+00,6.900000000000000577e-01,3.350802300690031875e+14,6.352728323831550172e-01,1.120434914194957221e+00
9.150000000000000355e+00,6.850000000000000533e-01,3.359460606897165625e+14,6.349137966553528578e-01,1.120193758559617780e+00
9.200000000000001066e+00,6.799999999999999378e-01,3.370198978633425625e+14,6.345711445742759915e-01,1.119971873653452521e+00
9.250000000000000000e+00,6.750000000000000444e-01,3.383251844472287500e+14,6.342419651919153356e-01,1.119767089185020659e+00
9.300000000000000711e+00,6.699999999999999289e-01,3.398883015856670000e+14,6.339214488326653241e-01,1.119577595457739827e+00
9.349999999999999645e+00,6.650000000000000355e-01,3.417358686621400000e+14,6.336075390841227062e-01,1.119400907500473608e+00
9.400000000000000355e+00,6.600000000000000311e-01,3.439025596205676250e+14,6.332983836015524393e-01,1.119236146036352242e+00
9.450000000000001066e+00,6.549999999999999156e-01,3.464168251359218125e+14,6.329903993170213905e-01,1.119080924956390444e+00
9.500000000000000000e+00,6.500000000000000222e-01,3.493143884504965625e+14,6.326787602711015923e-01,1.118934175475666315e+00
9.550000000000000711e+00,6.450000000000000178e-01,3.526341248976403125e+14,6.323637408856146447e-01,1.118794302394629181e+00
9.600000000000001421e+00,6.399999999999999023e-01,3.564166419605440000e+14,6.320417195549624667e-01,1.118659732200066426e+00
9.650000000000000355e+00,6.350000000000000089e-01,3.607015317047376875e+14,6.317077858541685353e-01,1.118529344925117464e+00
9.700000000000001066e+00,6.299999999999998934e-01,3.655380543806731875e+14,6.313622374124041592e-01,1.118401759553005137e+00
9.750000000000000000e+00,6.250000000000000000e-01,3.709721298013206875e+14,6.309996809307674148e-01,1.118275745746480920e+00
9.800000000000000711e+00,6.199999999999999956e-01,3.770576460835550625e+14,6.306191951394890527e-01,1.118150032389664483e+00
9.850000000000001421e+00,6.149999999999998801e-01,3.838475516323956875e+14,6.302160032246680865e-01,1.118023378775465426e+00
9.900000000000000355e+00,6.099999999999999867e-01,3.914002978224021875e+14,6.297873484930601728e-01,1.117894589218196622e+00
9.950000000000001066e+00,6.049999999999999822e-01,3.997779308206576875e+14,6.293308319933125228e-01,1.117762501502046035e+00
1.000000000000000000e+01,6.000000000000000888e-01,4.090468886283848125e+14,6.288431810935490862e-01,1.117625906069906083e+00
1.005000000000000071e+01,5.949999999999999734e-01,4.192683301603266875e+14,6.283199691763158290e-01,1.117483722029539717e+00
1.010000000000000142e+01,5.899999999999998579e-01,4.305149939780440000e+14,6.277571040592847540e-01,1.117334782344090893e+00
1.015000000000000036e+01,5.849999999999999645e-01,4.428600458393352500e+14,6.271521430142368292e-01,1.117177947038793473e+00
1.020000000000000107e+01,5.799999999999999600e-01,4.563768686585269375e+14,6.265005786291184542e-01,1.117012095813813222e+00
1.025000000000000000e+01,5.750000000000000666e-01,4.711413184932900000e+14,6.257987004987652924e-01,1.116836066057330434e+00
1.030000000000000071e+01,5.699999999999999512e-01,4.872385572753428750e+14,6.250433800574943799e-01,1.116648480978529090e+00
1.035000000000000142e+01,5.649999999999999467e-01,5.047246074952220625e+14,6.242277534252044235e-01,1.116448631401102620e+00
1.040000000000000036e+01,5.600000000000000533e-01,5.236875719845859375e+14,6.233490655389938295e-01,1.116235194658410146e+00
1.045000000000000107e+01,5.549999999999999378e-01,5.442006821588010625e+14,6.224040708875986372e-01,1.116007035318631990e+00
1.050000000000000000e+01,5.500000000000000444e-01,5.663245542218767500e+14,6.213872163455335107e-01,1.115763155414607022e+00
1.055000000000000071e+01,5.449999999999999289e-01,5.901233353766543750e+14,6.202947436320859209e-01,1.115502605610154685e+00
1.060000000000000142e+01,5.399999999999998135e-01,6.156482340184851250e+14,6.191228422528699538e-01,1.115224417360614062e+00
1.065000000000000036e+01,5.349999999999999201e-01,6.429405657522001250e+14,6.178676988813774917e-01,1.114927778937061298e+00
1.070000000000000107e+01,5.299999999999999156e-01,6.720277863767163750e+14,6.165259763416266470e-01,1.114611957522725127e+00
1.075000000000000000e+01,5.250000000000000222e-01,7.029193613674287500e+14,6.150946561169996496e-01,1.114276384697020728e+00
1.080000000000000071e+01,5.200000000000000178e-01,7.356092715301931250e+14,6.135714259087510225e-01,1.113920631718175347e+00
1.085000000000000142e+01,5.149999999999999023e-01,7.700670490725730000e+14,6.119547934942698442e-01,1.113544425339825450e+00
1.090000000000000036e+01,5.100000000000000089e-01,8.062397671153368750e+14,6.102439747142740512e-01,1.113147688271756586e+00
1.095000000000000107e+01,5.049999999999998934e-01,8.440051306722282500e+14,6.084362653990165182e-01,1.112731436439157617e+00
1.100000000000000000e+01,5.000000000000000000e-01,8.832686948589325000e+14,6.065343429320673163e-01,1.112295853828497494e+00
1.105000000000000071e+01,4.949999999999999400e-01,9.238599453048953750e+14,6.045395701057364457e-01,1.111842038122665688e+00
1.110000000000000142e+01,4.899999999999998801e-01,9.655907777759035000e+14,6.024552151440325520e-01,1.111371288066147711e+00
1.115000000000000036e+01,4.849999999999999867e-01,1.008226923182011000e+15,6.002856000299073846e-01,1.110885371707029279e+00
1.120000000000000107e+01,4.799999999999999267e-01,1.051486623392563125e+15,5.980360713778862802e-01,1.110386577462121327e+00
1.125000000000000000e+01,4.750000000000000333e-01,1.095056449634447375e+15,5.957136284673786308e-01,1.109877561670433277e+00
1.130000000000000071e+01,4.699999999999999734e-01,1.138586319729412500e+15,5.933268281842032366e-01,1.109361422105195505e+00
1.135000000000000142e+01,4.649999999999998579e-01,1.181663033052901750e+15,5.908843428632482020e-01,1.108842004583204588e+00
1.140000000000000036e+01,4.599999999999999645e-01,1.223919650644226250e+15,5.883988930831909325e-01,1.108322802667991436e+00
1.145000000000000107e+01,4.549999999999999045e-01,1.264855315473345750e+15,5.858806649839416458e-01,1.107808735502964659e+00
1.150000000000000000e+01,4.500000000000000111e-01,1.303953931183140500e+15,5.833409959440618575e-01,1.107304491780431110e+00
1.155000000000000071e+01,4.449999999999999512e-01,1.340797107814980750e+15,5.807959133286890729e-01,1.106815393994432739e+00
1.160000000000000142e+01,4.399999999999998912e-01,1.374909393529339250e+15,5.782595728968428217e-01,1.106346230344950499e+00
1.165000000000000036e+01,4.349999999999999978e-01,1.405797059496945000e+15,5.757462770806655028e-01,1.105902434010302526e+00
1.170000000000000107e+01,4.299999999999999378e-01,1.433017917828577250e+15,5.732708337421200673e-01,1.105489408770538251e+00
1.175000000000000000e+01,4.250000000000000444e-01,1.456152947388753500e+15,5.708477677156231778e-01,1.105112588854535449e+00
1.180000000000000071e+01,4.199999999999999289e-01,1.474851561092324500e+15,5.684917730602858654e-01,1.104777523537924244e+00
1.185000000000000142e+01,4.149999999999998690e-01,1.488726846455990250e+15,5.662139869980153950e-01,1.104487475356888959e+00
1.190000000000000036e+01,4.099999999999999756e-01,1.497577334586267000e+15,5.640285168402234817e-01,1.104248348717102868e+00
1.195000000000000107e+01,4.049999999999999156e-01,1.501186663488432000e+15,5.619449734291059873e-01,1.104062572026815570e+00
1.200000000000000000e+01,4.000000000000000222e-01,1.499448251533535000e+15,5.599731404776995269e-01,1.103933654199841241e+00
1.205000000000000071e+01,3.949999999999999623e-01,1.492350139479663500e+15,5.581211003246681068e-01,1.103864263732538431e+00
1.210000000000000142e+01,3.899999999999999023e-01,1.479919049842845500e+15,5.563937859140015707e-01,1.103854410905869665e+00
1.215000000000000036e+01,3.850000000000000089e-01,1.462296925384755250e+15,5.547959764686940520e-01,1.103905786369878905e+00
1.220000000000000107e+01,3.799999999999998934e-01,1.439690510117756500e+15,5.533297579493643426e-01,1.104017774851336897e+00
1.225000000000000000e+01,3.750000000000000000e-01,1.412367381598905000e+15,5.519956250165946043e-01,1.104189277688726545e+00
1.230000000000000071e+01,3.699999999999999400e-01,1.380666050924857500e+15,5.507923397271217159e-01,1.104418177106990751e+00
1.235000000000000142e+01,3.649999999999998801e-01,1.344984814520075250e+15,5.497172697315325651e-01,1.104701903349253556e+00
1.240000000000000036e+01,3.599999999999999867e-01,1.305742366424275000e+15,5.487662467887191031e-01,1.105036948005905018e+00
1.245000000000000107e+01,3.549999999999999267e-01,1.263403414434717000e+15,5.479338219339646709e-01,1.105418939112663201e+00
1.250000000000000000e+01,3.500000000000000333e-01,1.218445815764753750e+15,5.472138402924775491e-01,1.105843687714632706e+00
1.255000000000000071e+01,3.449999999999999734e-01,1.171350317778059250e+15,5.465991617295403726e-01,1.106306108206622119e+00
1.260000000000000142e+01,3.399999999999998579e-01,1.122604545815847875e+15,5.460823264567876700e-01,1.106801413405482215e+00
1.265000000000000036e+01,3.349999999999999645e-01,1.072675737283628500e+15,5.456552523946155420e-01,1.107324059343866463e+00
1.270000000000000107e+01,3.299999999999999045e-01,1.022011683466279375e+15,5.453098329466115057e-01,1.107868786634673475e+00
1.275000000000000000e+01,3.250000000000000111e-01,9.710383709328518750e+14,5.450379992420157915e-01,1.108430555308638876e+00
1.280000000000000071e+01,3.199999999999999512e-01,9.201452745425261250e+14,5.448317025369029398e-01,1.109004228156562188e+00
1.285000000000000142e+01,3.149999999999998912e-01,8.696821016859203750e+14,5.446832280555040651e-01,1.109584910363778043e+00
1.290000000000000036e+01,3.099999999999999978e-01,8.199699789008868750e+14,5.445852325499573876e-01,1.110168239335048934e+00
1.295000000000000107e+01,3.049999999999999378e-01,7.712824352681973750e+14,5.445307798987131243e-01,1.110749972473863645e+00
1.300000000000000000e+01,3.000000000000000444e-01,7.238557111065075000e+14,5.445134178667612179e-01,1.111326346501627649e+00
1.305000000000000071e+01,2.949999999999999289e-01,6.778906900582816250e+14,5.445272301348920152e-01,1.111894031836822005e+00
1.310000000000000142e+01,2.899999999999999245e-01,6.335462949815960000e+14,5.445667687389739164e-01,1.112449971464220422e+00
1.315000000000000036e+01,2.850000000000000311e-01,5.909474608123030000e+14,5.446272724737808435e-01,1.112991691324925814e+00
1.320000000000000107e+01,2.799999999999999156e-01,5.501904284475548750e+14,5.447043538262505979e-01,1.113517019554330023e+00
1.325000000000000000e+01,2.750000000000000222e-01,5.113392191507868750e+14,5.447941795825894662e-01,1.114024179276524640e+00
1.330000000000000071e+01,2.699999999999999067e-01,4.744323829610964375e+14,5.448934196754943171e-01,1.114511775311131769e+00
1.335000000000000142e+01,2.649999999999999023e-01,4.394841590198285625e+14,5.449991785716264969e-01,1.114978747909004753e+00
1.340000000000000036e+01,2.600000000000000089e-01,4.064902326629201875e+14,5.451089773661725868e-01,1.115424347216770196e+00
1.345000000000000107e+01,2.549999999999998934e-01,3.754285395280840625e+14,5.452207096851191537e-01,1.115848105087116515e+00
1.350000000000000000e+01,2.500000000000000000e-01,3.462622408428533750e+14,5.453326052625314668e-01,1.116249779255539698e+00
1.355000000000000071e+01,2.449999999999999956e-01,3.189423227607736875e+14,5.454432202945797004e-01,1.116629376868193191e+00
1.360000000000000142e+01,2.399999999999998801e-01,2.934101937346960625e+14,5.455513705949692760e-01,1.116987069642133346e+00
1.365000000000000036e+01,2.349999999999999867e-01,2.695989157729914375e+14,5.456561103217725250e-01,1.117323215564603789e+00
1.370000000000000107e+01,2.299999999999998712e-01,2.474375011962014375e+14,5.457567162104864922e-01,1.117638298858054657e+00
1.375000000000000000e+01,2.249999999999999778e-01,2.268493176257426250e+14,5.458526271219463766e-01,1.117932891413302876e+00
1.380000000000000071e+01,2.199999999999999734e-01,2.077557438803646875e+14,5.459434361658379586e-01,1.118207683079025738e+00
1.385000000000000142e+01,2.149999999999998579e-01,1.900770894748478750e+14,5.460288644248521006e-01,1.118463386598042231e+00
1.390000000000000036e+01,2.099999999999999645e-01,1.737322732650021562e+14,5.461087622638428618e-01,1.118700831721010314e+00
1.395000000000000107e+01,2.049999999999999600e-01,1.586422271786119375e+14,5.461830285839650578e-01,1.118920808317119819e+00
1.400000000000000000e+01,1.999999999999999556e-01,1.447281805514185938e+14,5.462516586529925222e-01,1.119124164077106576e+00
1.405000000000000071e+01,1.949999999999999512e-01,1.319139594116518438e+14,5.463146822000507496e-01,1.119311740087437945e+00
1.410000000000000142e+01,1.899999999999998357e-01,1.201258894111221250e+14,5.463721868264952430e-01,1.119484360892138541e+00
1.415000000000000036e+01,1.849999999999999423e-01,1.092924012733732188e+14,5.464242772292858819e-01,1.119642854889506101e+00
1.420000000000000107e+01,1.799999999999999378e-01,9.934653033592621875e+13,5.464710735998362656e-01,1.119788027452738755e+00
1.425000000000000000e+01,1.750000000000000444e-01,9.022333113809475000e+13,5.465127078022390394e-01,1.119920627419708659e+00
1.430000000000000071e+01,1.699999999999999289e-01,8.186192652681482812e+13,5.465493166963889538e-01,1.120041404336139967e+00
1.435000000000000142e+01,1.649999999999998135e-01,7.420495014537270312e+13,5.465810237957600126e-01,1.120151033030127419e+00
1.440000000000000036e+01,1.599999999999999201e-01,6.719867172368588281e+13,5.466079470238593974e-01,1.120250179303011739e+00
1.445000000000000107e+01,1.549999999999999156e-01,6.079213091147045312e+13,5.466301829400290746e-01,1.120339439987324104e+00
1.450000000000000000e+01,1.500000000000000222e-01,5.493900917248017969e+13,5.466478075612599685e-01,1.120419363173832394e+00
1.455000000000000071e+01,1.449999999999999067e-01,4.959507171333493750e+13,5.466608833915451715e-01,1.120490466690440501e+00
1.460000000000000142e+01,1.399999999999999023e-01,4.471976602301892188e+13,5.466694657834967330e-01,1.120553252005666911e+00
1.465000000000000036e+01,1.350000000000000089e-01,4.027551586078534375e+13,5.466735205587515134e-01,1.120608093364227065e+00
1.470000000000000107e+01,1.299999999999998934e-01,3.622739887526696875e+13,5.466730464215253660e-01,1.120655361282363760e+00
1.475000000000000000e+01,1.250000000000000000e-01,3.254325630352720312e+13,5.466679839427078802e-01,1.120695379711538209e+00
1.480000000000000071e+01,1.199999999999998845e-01,2.919384444535148828e+13,5.466582443638872135e-01,1.120728418485440248e+00
1.485000000000000142e+01,1.149999999999998801e-01,2.614992470061514062e+13,5.466438605299110964e-01,1.120754698619375711e+00
1.490000000000000036e+01,1.099999999999999867e-01,2.338835176159305469e+13,5.466242062585939809e-01,1.120774400588775421e+00
1.495000000000000107e+01,1.049999999999998712e-01,2.088493331858043750e+13,5.465995507063344805e-01,1.120787637380692425e+00
1.500000000000000000e+01,9.999999999999997780e-02,1.861826139467570703e+13,5.465694536565355310e-01,1.120794482228947064e+00
1.505000000000000071e+01,9.499999999999997335e-02,1.656833788526700977e+13,5.465342636931257436e-01,1.120794993015584051e+00
1.510000000000000142e+01,8.999999999999985789e-02,1.471786211808933594e+13,5.464922258577603609e-01,1.120789123645879126e+00
1.515000000000000036e+01,8.499999999999996447e-02,1.304885035228762695e+13,5.464436727593374732e-01,1.120776736027514264e+00
1.520000000000000107e+01,7.999999999999984901e-02,1.154653041744567969e+13,5.463886040759005081e-01,1.120757845902907501e+00
1.525000000000000000e+01,7.499999999999995559e-02,1.019629579341665820e+13,5.463270083356894791e-01,1.120732281899073701e+00
1.530000000000000071e+01,6.999999999999995115e-02,8.985526896068185547e+12,5.462559244197319197e-01,1.120699752508655278e+00
1.535000000000000142e+01,6.499999999999983569e-02,7.901373558896989258e+12,5.461773939403344880e-01,1.120659974381456259e+00
1.540000000000000036e+01,5.999999999999994227e-02,6.932695124051431641e+12,5.460906209413929346e-01,1.120612626536213075e+00
1.545000000000000107e+01,5.499999999999993783e-02,6.069544325383968750e+12,5.459912378921207843e-01,1.120557324871716665e+00
1.550000000000000000e+01,5.000000000000004441e-02,5.301825265604229492e+12,5.458836215231628319e-01,1.120493527291847702e+00
1.555000000000000071e+01,4.499999999999992895e-02,4.620459328688573242e+12,5.457620800827458485e-01,1.120420772968397927e+00
1.560000000000000142e+01,3.999999999999981348e-02,4.017522848181610840e+12,5.456289155952045444e-01,1.120338538851765042e+00
1.565000000000000036e+01,3.499999999999992006e-02,3.485249118989878418e+12,5.454819715219173526e-01,1.120246040250055808e+00
1.570000000000000107e+01,2.999999999999991562e-02,3.016596267866230469e+12,5.453199486709030541e-01,1.120142712990645162e+00
1.575000000000000000e+01,2.500000000000002220e-02,2.605061741790663574e+12,5.451416043935648492e-01,1.120027482391572793e+00
1.580000000000000071e+01,1.999999999999990674e-02,2.244619607940250977e+12,5.449454468661149020e-01,1.119899473426579251e+00
1.585000000000000142e+01,1.499999999999990230e-02,1.929868373664907959e+12,5.447302537168576819e-01,1.119758086482139259e+00
1.590000000000000036e+01,1.000000000000000888e-02,1.655606492562108398e+12,5.444932504999124845e-01,1.119601545650963370e+00
1.595000000000000107e+01,4.999999999999893419e-03,1.417393526590351318e+12,5.442335693861044543e-01,1.119429197136604159e+00
1.600000000000000000e+01,0.000000000000000000e+00,1.211012144497333008e+12,5.439488158418548380e-01,1.119239347314461508e+00
